,model,level,threshold,method,accuracy,f1_score,recall,precision
0,base_model,,0.5,method2,0.10425,0.18170191385374324,0.9945,0.0999849193183532
1,base_model,,0.55,method2,0.10425,0.18170191385374324,0.9945,0.0999849193183532
2,base_model,,0.6000000000000001,method2,0.10425,0.18170191385374324,0.9945,0.0999849193183532
3,base_model,,0.6500000000000001,method2,0.1043,0.18171021377672208,0.9945,0.09998994570681681
4,base_model,,0.7000000000000002,method2,0.10475,0.18178494721930266,0.9945,0.1000352059548358
5,base_model,,0.7500000000000002,method2,0.10745,0.1820098061678046,0.993,0.10018665186904101
6,base_model,,0.8000000000000003,method2,0.1307,0.18314226649126106,0.9745,0.10106824310309065
7,base_model,,0.8500000000000003,method2,0.2547,0.18376957616909428,0.839,0.10318534005657361
8,base_model,,0.9000000000000004,method2,0.6697,0.1975218658892128,0.4065,0.13045571245186136
